"Dataset","Sample_N","Events","Genes_Used_N","Missing_Model_Genes","AUC_1y","AUC_3y","AUC_5y","Logrank_P","C_index"
"TCGA-LIHC",370,130,9,"",0.703042137098267,0.636478938273216,0.582624747148165,0.0125927235545213,0.633575902393107
"GSE76427",115,23,9,"",0.429350202347836,0.472344362457428,NA,0.915940837085357,0.534595775673707
"GSE10143-HCC",82,32,6,"SLC27A5;CNIH4;FADS1",NA,0.574001237091984,0.480127099957274,0.37919076054575,0.527761542957335
"GSE27150",81,28,4,"SLC27A5;NDRG1;G6PD;FADS1;BGN",0.534358974358974,0.590779655919492,NA,0.830052591911011,0.563646788990826
"ICGC-LIRI-JP (HCCDB18)",203,35,9,"",0.657405590757655,0.722960194534238,NA,0.0105132164096798,0.65478574289147
