"Dataset","Sample_N","Events","Brier_1y","Brier_3y","Brier_5y"
"TCGA-LIHC",370,130,0.12852486935459,0.233523767520294,0.28506821223718
"GSE76427",115,23,0.140718654219556,0.219852681169462,0.28456650650506
"GSE10143-HCC",82,32,0.0931273538732638,0.374323734278457,0.473054216017688
"GSE27150",81,28,0.167077390899654,0.216043402701962,NA
"ICGC-LIRI-JP (HCCDB18)",203,35,0.0761139947455733,0.16817403756695,0.541645282838904
