"Model","N","Events","C_index","C_index_SE","LogLik","AIC"
"Nine-gene risk score",370,130,0.633575902393107,0.0279445497671836,-660.853152792802,1323.7063055856
"MKI67 baseline",370,130,0.635458527931646,0.0274041553642037,-658.447110009139,1318.89422001828
"Cell-cycle metagene baseline",370,130,0.63878932696137,0.0269203432732341,-654.845891565522,1311.69178313104
"Risk score + MKI67",370,130,0.643242460446761,0.0274215643427305,-657.177247121109,1318.35449424222
"Risk score + cell-cycle",370,130,0.642808008399406,0.0270615774451257,-654.64659059911,1313.29318119822
