dataset_id	split_or_cohort	auc_3y	c_index	calibration_intercept_3y	calibration_slope_3y	brier_3y	n	n_landmark_3y
GSE14520	discovery	NA	NA	0.0158347320093199	1.03349628854615	0.175401342447163	221	203
TCGA-LIHC	external	0.636478938273216	0.633575902393107	1.03583302397819	0.312238425604595	0.233523753691959	370	195
GSE76427	external	0.472344362457428	0.534595775673707	0.276366697746769	-0.0204438062068881	0.219852681169462	115	48
GSE10143-HCC	external	0.574001237091984	0.527761542957335	-2.64833820394154	0.160712286125026	0.374323734278457	82	77
GSE27150	external	0.590779655919492	0.563646788990826	0.368965610063749	0.892152583742379	0.216043402701962	81	68
ICGC-LIRI-JP (HCCDB18)	external	0.722960194534238	0.65478574289147	0.0513410828371371	0.60916761352797	0.16817403756695	203	82
